INSERT INTO USERS (ID, USERNAME, PASSWORD, FIRSTNAME, LASTNAME, EMAIL, ENABLED, LASTPASSWORDRESETDATE) VALUES (1, 'admin', '$2a$08$lDnHPz7eUkSi6ao14Twuau08mzhWrL4kyZGGU5xfiGALO/Vxd5DOi', 'admin', 'admin', 'admin@admin.com', 1, PARSEDATETIME('01-01-2019', 'dd-MM-yyyy'));
INSERT INTO USERS (ID, USERNAME, PASSWORD, FIRSTNAME, LASTNAME, EMAIL, ENABLED, LASTPASSWORDRESETDATE) VALUES (2, 'user1', '$2a$08$UkVvwpULis18S19S5pZFn.YHPZt3oaqHZnDwqbCW9pft6uFtkXKDC', 'user1', 'user1', 'enabled@user1.com', 1, PARSEDATETIME('01-01-2019','dd-MM-yyyy'));
INSERT INTO USERS (ID, USERNAME, PASSWORD, FIRSTNAME, LASTNAME, EMAIL, ENABLED, LASTPASSWORDRESETDATE) VALUES (3, 'user2', '$2a$08$UkVvwpULis18S19S5pZFn.YHPZt3oaqHZnDwqbCW9pft6uFtkXKDC', 'user2', 'user2', 'enabled@user2.com', 1, PARSEDATETIME('01-01-2019','dd-MM-yyyy'));
INSERT INTO USERS (ID, USERNAME, PASSWORD, FIRSTNAME, LASTNAME, EMAIL, ENABLED, LASTPASSWORDRESETDATE) VALUES (4, 'user3', '$2a$08$UkVvwpULis18S19S5pZFn.YHPZt3oaqHZnDwqbCW9pft6uFtkXKDC', 'user3', 'user3', 'enabled@user3.com', 1, PARSEDATETIME('01-01-2019','dd-MM-yyyy'));
INSERT INTO USERS (ID, USERNAME, PASSWORD, FIRSTNAME, LASTNAME, EMAIL, ENABLED, LASTPASSWORDRESETDATE) VALUES (5, 'user4', '$2a$08$UkVvwpULis18S19S5pZFn.YHPZt3oaqHZnDwqbCW9pft6uFtkXKDC', 'user4', 'user4', 'enabled@user4.com', 1, PARSEDATETIME('01-01-2019','dd-MM-yyyy'));
INSERT INTO USERS (ID, USERNAME, PASSWORD, FIRSTNAME, LASTNAME, EMAIL, ENABLED, LASTPASSWORDRESETDATE) VALUES (6, 'disabled', '$2a$08$UkVvwpULis18S19S5pZFn.YHPZt3oaqHZnDwqbCW9pft6uFtkXKDC', 'userdisabled', 'userdisabled', 'disabled@user.com', 0, PARSEDATETIME('01-01-2019','dd-MM-yyyy'));

INSERT INTO APPOINTMENTS(type, start, end, user_id) VALUES ('Podologue','2019-09-10T09:00:00', '2019-09-10T09:30:00',2);
INSERT INTO APPOINTMENTS(type, start, end, user_id) VALUES ('Podologue','2019-09-11T10:00:00', '2019-09-11T10:30:00',3);
INSERT INTO APPOINTMENTS(type, start, end, user_id) VALUES ('Podologue','2019-09-11T11:00:00', '2019-09-11T11:30:00',4);
INSERT INTO APPOINTMENTS(type, start, end, user_id) VALUES ('Podologue','2019-09-12T11:00:00', '2019-09-12T11:30:00',5);
INSERT INTO APPOINTMENTS(type, start, end, user_id) VALUES ('Podologue','2019-09-12T13:00:00', '2019-09-12T13:30:00',2);
INSERT INTO APPOINTMENTS(type, start, end, user_id) VALUES ('Podologue','2019-09-12T14:00:00', '2019-09-12T14:30:00',3);
INSERT INTO APPOINTMENTS(type, start, end, user_id) VALUES ('Podologue','2019-09-13T13:00:00', '2019-09-13T13:30:00',4);
INSERT INTO APPOINTMENTS(type, start, end, user_id) VALUES ('Podologue','2019-09-13T14:00:00', '2019-09-13T14:30:00',5);
INSERT INTO APPOINTMENTS(type, start, end, user_id) VALUES ('Podologue','2019-09-13T15:00:00', '2019-09-13T15:30:00',2);
INSERT INTO APPOINTMENTS(type, start, end, user_id) VALUES ('Podologue','2019-09-13T16:00:00', '2019-09-13T16:30:00',3);

INSERT INTO AUTHORITY (ID, NAME) VALUES (1, 'ROLE_USER');
INSERT INTO AUTHORITY (ID, NAME) VALUES (2, 'ROLE_ADMIN');

INSERT INTO USER_AUTHORITY (USER_ID, AUTHORITY_ID) VALUES (1, 2);
INSERT INTO USER_AUTHORITY (USER_ID, AUTHORITY_ID) VALUES (2, 1);
INSERT INTO USER_AUTHORITY (USER_ID, AUTHORITY_ID) VALUES (3, 1);
INSERT INTO USER_AUTHORITY (USER_ID, AUTHORITY_ID) VALUES (4, 1);
INSERT INTO USER_AUTHORITY (USER_ID, AUTHORITY_ID) VALUES (5, 1);
INSERT INTO USER_AUTHORITY (USER_ID, AUTHORITY_ID) VALUES (6, 1);